title,description,show_type,tags,year,length,rating,votes,countries,link,image_link
Szmuglerzy / Smugglers / Milsu (2023),"Film akcji kryminalny osadzony w latach 70. w małej, spokojnej wiosce nad morzem, gdzie dwie kobiety niespodziewanie wciągają się w niebezpieczny przemyt.",Film,"Akcja, Kryminał",2023,129,6.4,96,,https://cda-hd.cc/64117/szmuglerzy-smugglers-milsu-2023/,https://image.tmdb.org/t/p/w185/ayLXqPZCu3uaLLhXiqvw5NBb7Lw.jpg
"Chłopiec, kret, lis i koń / The Boy, the Mole, the Fox and the Horse (2022)","Obejrzyj tworzenie się nietypowej więzi pomiędzy czwórką przyjaciół, którzy odkrywają znaczenie dobroci, odwagi i nadziei.",Film,"Animacja, Dramat, Familijny, Fantasy, Komedia, Przygodowy",2022,32,7.9,98,,https://cda-hd.cc/63256/chlopiec-kret-lis-i-kon-the-boy-the-mole-the-fox-and-the-horse-2022/,https://image.tmdb.org/t/p/w185/6yuC3zGT8TLykQuAmisGVMG6Rmz.jpg
Wyznawca 2 / Believer 2 / Dokjeon 2 (2023),"Zdeterminowany detektyw nie ustaje w poszukiwaniu prawdy o największym gangu narkotykowym w Azji i jego nieuchwytnym szefie, z którym ma rachunki do wyrównania.",Film,"Akcja, Kryminał, Thriller",2023,114,8.5,99,,https://cda-hd.cc/63148/wyznawca-2-believer-2-dokjeon-2-2023/,https://image.tmdb.org/t/p/w185/r6cXwZ4znjaz144TvVWIdTN8C9L.jpg
Jedź dziesiątką / Take the 10 (2017),"Dwóch kumpli znudzonych pracą na kasie przeżywa szereg niesamowitych przygód, by wybrać się na najlepszy koncert hip-hopowy ich życia.",Film,Komedia,2017,,6.8,8,USA,https://cda-hd.cc/10933/jedz-dziesiatka-take-the-10-2017-online/,https://image.tmdb.org/t/p/w185/jI5XSud40IeXOxIZvHZwtUND8HV.jpg
Zaproszenie na morderstwo / A Deadly Invitation (2023),Miłośniczka historii kryminalnych zostaje wplątana w sprawę morderstwa siostry i musi wskazać sprawcę spośród zebranych w willi gości z wyższych sfer.,Film,"Komedia, Tajemnica, Thriller",2023,92,5.5,81,,https://cda-hd.cc/62634/zaproszenie-na-morderstwo-a-deadly-invitation-2023/,https://image.tmdb.org/t/p/w185/ykDai0f894WQ9ayoNQeo67Wp6qk.jpg
Serce w chmurach / Love at First Sight (2023),"Hadley i Oliver zakochują się w sobie podczas lotu z Nowego Jorku do Londynu, ale na lotnisku tracą się z oczu. Czy uda im się znów spotkać?",Film,"Dramat, Romans",2023,90,7.0,94,,https://cda-hd.cc/62425/serce-w-chmurach-love-at-first-sight-2023/,https://image.tmdb.org/t/p/w185/vCMGlarDrcmhclBmnYoH7JUCDuA.jpg
Biblia / The Bible: In the Beginning… (1966),"Ten zrealizowany z ogromnym rozmachem film ukazuje pradzieje ludzkości poczynając od kosmicznego chaosu poprzez dzieło stworzenia, od stanu szczęścia poprzez upadek pierwszych rodziców, zbrodnię Kaina, historię Noego (John Huston), Potop i budowę Wieży Babel, aż po historię patriarchy Abrahama.",Film,"Dramat, Familijny",1966,,6.3,91,,https://cda-hd.cc/62185/biblia-the-bible-in-the-beginning-1966/,https://image.tmdb.org/t/p/w185/8Vqf5YXCBj2mE1TX4pegWAad4Gw.jpg
Bo się boi / Beau Is Afraid (2023),"Znerwicowany Beau otrzymuje wiadomość, która zmusza go do wyruszenia w epicką podróż do rodzinnego domu.",Film,"Dramat, Horror, Komedia",2023,,6.5,93,"USA, UK, Finland, Canada",https://cda-hd.cc/62005/bo-sie-boi-beau-is-afraid-2023/,https://image.tmdb.org/t/p/w185/ptEb9AuwWQMVp6zcAQSf3WIsD9z.jpg
Moda na miłość / The Perfect Find (2023),"Redaktorka magazynu o modzie wraca do pracy i odkrywa, że czarujący facet, z którym całowała się na imprezie, jest jej nowym współpracownikiem oraz synem jej szefa.",Film,"Dramat, Komedia, Romans",2023,99,5.3,90,,https://cda-hd.cc/61442/moda-na-milosc-the-perfect-find-2023/,https://image.tmdb.org/t/p/w185/fZXturIugHYCl7T6oLeMj1AWm7p.jpg
The Cursed (2021),"Pod koniec XIX wieku mężczyzna przybywa do odległej wioski, aby zbadać atak dzikiego zwierzęcia, ale odkrywa znacznie głębszą i złowrogą siłę, która terroryzuje dwór i jego mieszkańców.",Film,"Fantasy, Horror, Tajemnica",2021,,6.3,12281,"UK, France, USA",https://cda-hd.cc/60142/the-cursed-2021/,https://image.tmdb.org/t/p/w185/rYobaxr1JHhmOSszqQh5Aj4Viiu.jpg
Wendell i Wild / Wendell & Wild (2022),"Dwa podstępne demony zawierają pakt z nastoletnią fanką punk rocka, żeby opuścić zaświaty i spełniać marzenia w świecie żywych.",Film,"Animacja, Familijny, Fantasy, Komedia, Przygodowy",2022,,6.4,9125,,https://cda-hd.cc/59452/wendell-i-wild-wendell-wild-2022-online/,https://image.tmdb.org/t/p/w185/5dsX6UAHqkQz1kiV8bs8SvjyVNa.jpg
Agent Game (2022),Agent CIA zostaje wrobiony w zabójstwo. Musi uciekać przed ścigającym go zespołem pod wodzą bezwzględnej podwójnej agentki.,Film,"Akcja, Thriller",2022,90,3.9,1682,,https://cda-hd.cc/58259/agent-game-2022-online/,https://image.tmdb.org/t/p/w185/vWUaDeA0MgL750xFaUc3bzXgwtK.jpg
Fullmetal Alchemist the Revenge of Scar (2022),W tej kontynuacji pierwszego filmu bracia Elric spotykają najtrudniejszego z dotychczasowych przeciwników – seryjnego mordercę z wielką blizną na czole.,Film,"Akcja, Fantasy, Przygodowy",2022,,5.3,353,Japan,https://cda-hd.cc/57394/fullmetal-alchemist-the-revenge-of-scar-2022/,https://image.tmdb.org/t/p/w185/yTSqYT12q5A9WT0ju9pyHfuiIWi.jpg
Batman / The Batman (2022),Batman i James Gordon stawiają czoła nieobliczalnemu Człowiekowi-Zagadce w skorumpowanym Gotham City.,Film,"Akcja, Dramat, Kryminał, Tajemnica",2022,176,7.7,92,,https://cda-hd.cc/56131/batman-the-batman-2022-online/,https://image.tmdb.org/t/p/w185/lGzesThPVrXijebOF2TQN0z92gZ.jpg
Ju-on: The Final Curse / Ju-on: Za fainaru (2015),,Film,Horror,2015,90,4.4,866,Japan,https://cda-hd.cc/55849/ju-on-the-final-curse-ju-on-za-fainaru-2015-online/,https://image.tmdb.org/t/p/w185/rydIKTsG6bRWOBaRE44QU1rQBRi.jpg
Na cztery ręce / Four Hands / Die Vierhändige (2017),"W odizolowanym domku na wzgórzu dwie dziewczynki grają razem na pianinie. Kiedy ich matka wbiega przerażona do pokoju błagając napastnika o życie, siostry chowają się pod sofą. Stamtąd starsza z córek widzi krwawe, brutalne morderstwo, zasłaniając młodszej uszy i oczy, szepcząc, że ją ochroni.",Film,"Dramat, Thriller",2017,,6.1,582,Germany,https://cda-hd.cc/31172/na-cztery-rece-four-hands-2017-online/,https://image.tmdb.org/t/p/w185/royswZqbLgTP45ReP8B5jFROd0f.jpg
Kierowca / Wheelman (2017),"Po nie do końca udanej próbie napadu kierowca ucieka z łupem. Nagle otrzymuje szokujące instrukcje od nieznanej osoby — i będzie musiał pokazać, na co naprawdę go stać.",Film,"Akcja, Thriller",2017,,6.6,571,USA,https://cda-hd.cc/21299/kierowca-wheelman-2017-online/,https://image.tmdb.org/t/p/w185/yeHRsKOlNDsbEIALS1ve6S42Nl6.jpg
Zgubiłam Alberta / I Lost Albert Original / J’ai perdu Albert (2018),"Chloe (Julie Ferrier) może pochwalić się błyskotliwą karierą mediatorki zatrudnianej w ważnych firmach. Z jej usług korzystają nawet politycy. Te liczne sukcesy nie wzięły się jednak znikąd. Od czasów dzieciństwa w jej mózgu mieszka sam Albert Einstein (Etienne Draber), który kieruje jej działaniami. Niestety, naukowiec ma już dość współpracy z Chloe. Przemęczona kobieta przestała dawać sobie radę z jego obecnością. W związku z tym Einstein planuje przeprowadzkę. Zamierza przenieść się do umysłu Zaca (Stéphane Plaza). Mężczyzna ten jest pszczelarzem i kelnerem. Zmaga się również z depresją. Aby zamiana doszła do skutku, całą trójkę czekają dwie niesamowite, halucynogenne doby.",Film,Komedia,2018,,4.4,139,"France, Belgium",https://cda-hd.cc/53795/zgubilam-alberta-i-lost-albert-original-jai-perdu-albert-2018-online/,https://image.tmdb.org/t/p/w185/kfXrPxdnrR4866tbz6EJlIdJym3.jpg
Przez miłość / Out of Love (2016),"Utalentowany kucharz, Rosjanin Nikolai (Daniil Vorobyov) poznaje Varyę (Naomi Velissariou), Greczynkę o rosyjskim imieniu. Para zakochuje się w sobie od pierwszego wejrzenia. Szybko rodzi się między nimi gorące uczucie, a zakochani wydają się być sobie przeznaczeni. Z czasem jednak przekonują się, że miłość ma różne odcienie i wiele twarzy. Obraz nominowanej do Europejskiej Nagrody Filmowej Palomy Aguilery Valdebenito jest pełną emocji opowieścią o dwojgu zakochanych, pokazującą rozwój ich burzliwej relacji, blaski i cienie ich namiętnego uczucia.",Film,Dramat,2015,,6.3,220,Netherlands,https://cda-hd.cc/9053/przez-milosc-out-of-love-2016-online/,"https://m.media-amazon.com/images/M/MV5BNTBiNzk5OGItYTJmYy00NjVhLTlmNGQtNDQ3NmZhZDQwNDVlL2ltYWdlL2ltYWdlXkEyXkFqcGdeQXVyNjk4MDMwMDQ@._V1_UY268_CR4,0,182,268_AL_.jpg"
Psi Patrol: Odrzutowce na ratunek / Paw Patrol: Jet to the Rescue (2020),"W tym nowym filmie super szczeniaki muszą bronić Barkingburga przed księciem Flappington, który zdobył moc potężnego klejnotu lewitacji.",Film,"Animacja, Familijny",2020,56,6.4,46,,https://cda-hd.cc/52934/psi-patrol-odrzutowce-na-ratunek-paw-patrol-jet-to-the-rescue-2020/,https://image.tmdb.org/t/p/w185/qHcn3PbjVHxBweDZxWpYH3JfugS.jpg
Na skraju świata / Until the Edge of the World / Bis die Welt einen Rand bekommt (2019),"Pięciolatka nie może zrozumieć, co dzieje się z jej ojcem. Matka tłumaczy jej wszystko, mówiąc: „jest z nami, ale jednocześnie jest gdzieś daleko”. Dziewczynka, uciekając w świat fantazji, wyobraża sobie, że ojciec jest na Księżycu.",Film,Dramat,2019,,5.4,12,Germany,https://cda-hd.cc/52747/na-skraju-swiata-until-the-edge-of-the-world-bis-die-welt-einen-rand-bekommt-2019-online/,https://image.tmdb.org/t/p/w185/xjvVzlkOZLs0XJP3vuznDrTRsFO.jpg
Spirala / Spiral (2019),"Malik (Jeffrey Bowyer-Chapman) i Aaronie (Ari Cohen) zaczynają otrzymywać homofobiczne groźby, gdy przeprowadzają się do małego amerykańskiego miasteczka, aby wychować tam swoją nastoletnią córkę. W miarę jak niebezpieczeństwo staje się coraz bardziej prawdziwe, Malik zaczyna podejrzewać, że zagrażają im jeszcze mroczniejsze siły.",Film,"Dramat, Horror, Tajemnica, Thriller",2020,,5.6,2271,,https://cda-hd.cc/51781/spirala-spiral-2019-online/,https://image.tmdb.org/t/p/w185/mkIek8qY0tc8YxSgUs83bkWFihD.jpg
Poza prawem / Outlawed (2018),"Po tragicznym finale jednej z misji, Jake nie może dojść do siebie. Kiedy jednak była dziewczyna chce rozwiązać zagadkę śmierci ojca, były komandos postanawia jej pomóc.",Film,Akcja,2018,,4.9,1053,,https://cda-hd.cc/50876/poza-prawem-outlawed-2018-online/,https://image.tmdb.org/t/p/w185/gOgKZIk9S1MreMC7AjyFhcrK4Oz.jpg
Miłość na klik / Ishq Click (2016),"Aditya, młody fotograf zaprasza Sophie do Bombaju. Proponuje jej karierę modelki. Dziewczyna osiąga popularność i zakochuje się w artyście, ale ten łamie jej serce, żeniąc się z Irą.",Film,"Dramat, Romans",2016,,4.4,83,N/A,https://cda-hd.cc/9108/ishq-click-2016-online/,"https://m.media-amazon.com/images/M/MV5BYmEwMGMzNjctNjcwZi00ZGY4LTgwNDYtMjVkMjEzNDA5OGRkXkEyXkFqcGdeQXVyNjc5MjUyNzQ@._V1_UY268_CR1,0,182,268_AL_.jpg"
Taniec śmierci / Tantsy nasmert (2017),"Rok 2070, postapokaliptyczne ruiny Moskwy zniszczonej w czasie wojny jądrowej. Ocaleli mieszkańcy żyją w podziemnym bunkrze, który tworzy swoiste miasto. Ich najważniejszą rozrywką jest turniej tańca, w którym startuje młodzież. Nie są to jednak zwykłe zawody, ale igrzyska śmierci, gdzie przeżyć może tylko zwycięzca. Pokonani zawodnicy są przemieniani w proch, a energia ich ciał zasila pole siłowe chroniące aglomerację przed zabójczym promieniowaniem jądra Ziemi. Utarty schemat widowiska zostaje zagrożony przez chłopaka, zmuszonego przez milicje do udziału w turnieju. Kostya (Ivan Zhvakin) zakochuje się w córce dygnitarza, która nosi imię Anya (Lukerya Ilyashenko). Jest ona ochotniczką gotową oddać swoje życie dla dobra reszty mieszkańców. Śmiałek pragnie uratować dziewczynę.",Film,"Akcja, Dramat, Sci-Fi",2017,,2.7,763,Russia,https://cda-hd.cc/47688/taniec-smierci-tantsy-nasmert-2017-online/,https://image.tmdb.org/t/p/w185/cPmwc5ifaCRYnOHfev2POCBB9BD.jpg
Ostatnia arystokratka / Poslední aristokratka (2019),"Film na podstawie książki Evžen Boček „Ostatnia arystokratka” opowiadającej o rodzinie Kostków, która powraca do Czech z Ameryki. Ich cel? Przejęcie zamku Kostka, dawnej siedziby rodu. Przewrotny humor i galeria nietuzinkowych osobowości to gwarancja doskonałej zabawy.",Film,Komedia,2020,,5.8,101,Czech Republic,https://cda-hd.cc/47606/ostatnia-arystokratka-posledni-aristokratka-2019-online/,https://image.tmdb.org/t/p/w185/LoCJsebWqTWzc77U3X8y2BVGG6.jpg
The Bad Guys: The Movie / Nappeun nyeoseogdeul: Deo mubi (2019),"Po zmasakrowaniu więziennego konwoju, powstaje na polecenie komendanta policji zespół pościgowy składający się z przestępców. Wkrótce okazuje się, że stawka jest o wiele wyższa niż samo pojmanie zbiegów.",Film,"Akcja, Kryminał, Thriller",2019,,5.9,717,South Korea,https://cda-hd.cc/47477/the-bad-guys-the-movie-nappeun-nyeoseogdeul-deo-mubi-2019-online/,https://image.tmdb.org/t/p/w185/tKaXyzUDXaWRWj5XC96Ousr9lJV.jpg
Tylko nie zaśnij / Sleepless beauty / Ya ne splyu (2020),"Mila zostaje porwana. Dziewczyna jest przetrzymywana w starym garażu, a nieznany głos przekazuje jej surowe zasady: nie może spać, ale musi wykonywać dziwne zadania, które dla niej przygotowano…",Film,Horror,2020,,4.5,221,Russia,https://cda-hd.cc/46875/tylko-nie-zasnij-sleepless-beauty-ya-ne-splyu-2020-online/,https://image.tmdb.org/t/p/w185/gqhqDba3n3oou51rsY9WSuVJfTx.jpg
Zabawa w chowanego (2020),"Drugi, po głośnym „Tylko nie mów nikomu”, dokumentalny film braci Sekielskich opowiadający o pedofilii w kościele katolickim.",Film,Dokumentalny,2020,,7.2,235,Poland,https://cda-hd.cc/46146/zabawa-w-chowanego-2020-online/,https://image.tmdb.org/t/p/w185/3FRwR8IQ02YyyqQlw0Futi7pWt9.jpg
Nieśmiertelne życie Henrietty Lacks / The Immortal Life of Henrietta Lacks (2017),"Historia oparta na faktach. W 1951 roku młoda czarna kobieta zmarła na raka. Jej śmierć zmieniła historię medycyny. Niezwykła opowieść o życiu Henrietty Lacks, od której pobrano słynne komórki HeLa.",Film,Dramat,2017,,6.3,2952,USA,https://cda-hd.cc/16053/niesmiertelne-zycie-henrietty-lacks-the-immortal-life-of-henrietta-lacks-2017-online/,https://image.tmdb.org/t/p/w185/dzkd72ECEwMAwNZUypAnlQJ6o6h.jpg
Cała prawda o antybiotykach / The Truth About Antibiotics (2019),"Wielu ekspertów uważa, że wkraczamy w niebezpieczną erę postantybiotykową. Dziennikarka Angela Rippon sprawdza, co walka z bakteriami odpornymi na antybiotyki oznacza dla lekarzy oraz pacjentów.",Film,Dokumentalny,2019,,6.7,2222,UK,https://cda-hd.cc/43838/cala-prawda-o-antybiotykach-the-truth-about-antibiotics-2019-online/,https://i111.fastpic.ru/big/2020/0401/73/8269172909f60f923e0a03b15fecd673.jpg
Upiorna rodzinka / Strašidla (2016),"Młody urzędnik Jindrich Patočka (Vladimír Polívka) zostaje delegowany, by uporządkować sprawy należącego do miasta starego zamku z ogrodem. Lokatorzy tej posiadłości nie płacą czynszu i podatków, nie pracują i nie posyłają dzieci do szkoły. Okazuje się, że jest to rodzina arystokratycznych duchów, które dotąd zajmowały się jedynie straszeniem, czarami i innymi upiornymi rozrywkami. Na jej czele stoi Hugo (Bronislav Kotiš) oraz jego żona Patricie (Tereza Kostková). Urzędnik nie zniechęca się jednak tym, że duchy nie mają wiedzy na temat ludzkich trosk materialnych. Angażuje się w pomoc dla nich, a przy okazji jego serce bije mocniej na widok najstarszej córki gospodarzy, rusałki Jutrzenki (Sara Sandeva).",Film,"Fantasy, Komedia",2016,,4.1,36,Czech Republic,https://cda-hd.cc/43814/upiorna-rodzinka-strasidla-2016-online/,https://image.tmdb.org/t/p/w185/fryvMV2w5KOP8PmT41U5NVFFftQ.jpg
"Boże, błogosław Amerykę / God Bless America (2019)","W Stanach Zjednoczonych religia jest głęboko zakorzeniona w społeczeństwie, choć oficjalnie państwo jest świeckie. Większość chrześcijan to protestanci, wielu z nich głosowało na Donalda Trumpa. Każdego roku w Pensylwanii odbywa się Creation Festival – największy festiwal muzyki chrześcijańskiej w USA. Wpływy religii widoczne są nie tylko w takich sferach jak rodzina czy edukacja. W mieście Louisa w Wirginii pastor Marc O’Connor towarzyszy szeryfowi podczas patroli, by ewangelizować zatrzymanych. W muzeach na południu kraju prezentowane są dowody potwierdzające tezy wyznawców kreacjonizmu. W Georgii chrześcijańskie oddziały ochotnicze przygotowują się do walki partyzanckiej.",Film,Dokumentalny,2019,,5.5,2121,USA,https://cda-hd.cc/43746/boze-blogoslaw-ameryke-god-bless-america-2019-online/,https://raptureandendtimes.files.wordpress.com/2019/07/god-bless-usa.jpg
Hitlerjugend: nastoletni zabójcy / Hitler’s Teen Killers (2019),"Opowieść o młodych ludziach, którzy dorastali w nazistowskich Niemczech. W czerwcu 1943 roku w Antwerpii powstała 12 Dywizja Pancerna SS „Hitlerjugend”. Tysiące nastoletnich fanatyków przyrzekło oddać życie za Führera. Wysłano ich m.in. do Normandii, gdzie mieli zatrzymać inwazję aliantów. Nie zabraknie materiałów archiwalnych i relacji świadków, którzy opowiedzą o tym, jak członkowie okrytej niesławą jednostki budzili grozę, siali strach i zniszczenie.",Film,Historyczny,2019,52,6.1,2020,,https://cda-hd.cc/43574/hitlerjugend-nastoletni-zabojcy-hitlers-teen-killers-2019-online/,https://cda-hd.cc/wp-content/uploads/hitler.jpg
Heinz (2018),"Animacja dla widzów dorosłych. W przedziwnym świecie Henza zwierzęta zachowują się jak ludzie. W miszmaszu Amsterdamu szczęśliwie współistnieją czarownice, kosmici czy kolekcjonerzy znaczków…",Film,Animacja,2019,,6.1,30,Netherlands,https://cda-hd.cc/43654/heinz-2018-online/,"https://m.media-amazon.com/images/M/MV5BMjdjNGE5NjQtNTMyNC00MjM4LTllMTgtZjdmMDhmYzc0ZWRmXkEyXkFqcGdeQXVyODQxNzI4NjU@._V1_SY1000_CR0,0,666,1000_AL_.jpg"
54 godziny cz.1 / Gladbeck (2018),"Niemcy, 1988 r. Po napadzie na bank dwaj bandyci biorą jego pracowników jako zakładników i wraz z nimi uciekają z miejsca zdarzenia. Historia oparta na faktach. Obrazuje olbrzymią liczbę błędów popełnionych przez media i policję podczas próby ratowania uprowadzonych osób.",Film,"Dramat, Kryminał, Thriller",2018,,7.7,898,Germany,https://cda-hd.cc/43291/54-godziny-cz-1-gladbeck-2018-online/,https://image.tmdb.org/t/p/w185/4DtB40Rf7Qh6UvmRZjX37jgYExj.jpg
Świat bakterii / Bacterial World – Microbes That Rule Our World (2017),"Bakteria jako siła sprawcza życia na naszej planecie. Dokument prezentuje najnowsze badania nad naturą mikrobów i ich roli w łańcuchu ewolucyjnym. Okazuje się, że w tej dziedzinie wciąż zostało wiele do odkrycia.",Film,Dokumentalny,2016,,6.5,13,France,https://cda-hd.cc/43216/swiat-bakterii-bacterial-world-microbes-that-rule-our-world-2017-online/,https://image.tmdb.org/t/p/w185/7Nvt5Up8LpKnegkRnCDIsvBPNBo.jpg
Pandemia zabójczej grypy / The Flu That Killed 50 Million (2018),"Christopher Eccleston opowiada o pandemii z 1918 roku. Grypa uśmierciła wówczas ponad 50 milionów ludzi. Po zawarciu rozejmu w Compiegne silnie zakaźna choroba przemieszcza się wraz z powracającymi do domów żołnierzami. Grypa zabije niemal jedną trzecią ówczesnej ludności świata, pochłaniając więcej ofiar niż dwie wojny światowe. Dokument przedstawia przerażającą historię – od żołnierza, który przeniósł wirus na front zachodni, do lekarza, który podjął walkę z September 2018rozprzestrzeniającym się patogenem.",Film,"Dokumentalny, Historyczny",2018,,7.0,25,UK,https://cda-hd.cc/43209/pandemia-zabojczej-grypy-the-flu-that-killed-50-million-2018/,https://image.tmdb.org/t/p/w185/wDbMEMTHot7lrLkNuNqQGBT6zqh.jpg
Miss Hanoi (2018),,Film,Kryminał,2018,,5.7,140,Czech Republic,https://cda-hd.cc/35696/miss-hanoi-2018-online/,https://image.tmdb.org/t/p/w185/lupfydi5gMQ14ThcPg3GwcdtfM3.jpg
Death Race 2050 (2017),"W 2050, gdy ludzie kontrolowani są przez korporacje, które fundują im pranie mózgu dzięki niezliczonym reality show, organizowany jest Wyścig Śmierci. Walczący o utrzymanie tytułu cyborg Frankenstein sabotowany jest przez swego pilota.",Film,"Akcja, Komedia, Sci-Fi",2017,,3.7,4229,USA,https://cda-hd.cc/11148/death-race-2050-2017-online/,https://image.tmdb.org/t/p/w185/5mI8yqZZBlZpvd0aT5YXbR8oEvT.jpg
Pokój ze stajnią: Góry przenosić / Zimmer mit Stall: Berge versetzen (2019),"W obliczu problemów z górskim pensjonatem Sophie (Aglaia Szyszkowitz) i Barthl (Friedrich von Thun) muszą się dogadać. Przypadkowo odkrywają, że brat mężczyzny planuje stworzyć opodal Fuchsbichlerhof innowacyjny ośrodek campingowy.",Film,"Dramat, Komedia",2019,87,5.3,,Germany,https://cda-hd.cc/42669/pokoj-ze-stajnia-gory-przenosic-zimmer-mit-stall-berge-versetzen-2019/,"https://m.media-amazon.com/images/M/MV5BMzNkMmYxNjYtMjdlYi00YzYxLWI3MDEtNDI0ZGQ4ZjMxNDQyXkEyXkFqcGdeQXVyNzgwMTU0MDE@._V1_SY1000_CR0,0,733,1000_AL_.jpg"
Śmiertelne wybawienie / Stalker’s Prey (2017),"Laura Wilcox (Saxon Sharbino) obchodzi swoje osiemnaste urodziny. Wybiera się ze Nickiem Jordanem (Luke Slattery), swoim partnerem, na rejs łódką po morzu. Dochodzi do tragedii i chłopak zostaje zabity przez rekina. Dziewczyna uchodzi z życiem dzięki Bruce’owi Kane (Mason Dye). Przystojny mężczyzna dopiero co przyjechał do domu z college’u. Wkrótce Laura zdaje sobie sprawę, że wybawiciel nie zamierza po prostu dać jej spokoju. Staje się coraz bardziej natrętny.",Film,Thriller,2017,,5.2,374,USA,https://cda-hd.cc/42663/smiertelne-wybawienie-stalkers-prey-2017-online/,https://image.tmdb.org/t/p/w185/eQlz1E45qt9vW2wbDFrfXXSDwgb.jpg
Moja mała / My Little One (2019),"Jade (Anna Mouglalis) to mieszkanka smaganych wiatrem pustynnych terenów Arizony. Pewnego dnia kontaktuje się z byłymi kochankami, Europejczykami Aleksem (Vincent Bonillo) i Bernardo (Mathieu Demy), i namawia ich do wizyty. Mężczyźni na to wezwanie wyruszają do Navajo Nation, gdzie odkrywają nietypowy styl życia Jade i poznają jej frywolną, dziesięcioletnią córkę Fridę (Ruby Matenko). To spontaniczne spotkanie zaowocuje radykalnymi zmianami w ich poglądach na życie, miłość i śmierć. Interesująca produkcja, która zmusza do refleksji.",Film,Dramat,2019,,6.9,13,Switzerland,https://cda-hd.cc/42473/moja-mala-my-little-one-2019-online/,https://image.tmdb.org/t/p/w185/3MVICn1AbUcaSq7teztu0jWwDLP.jpg
Ivan (2017),"Mara (Marusa Majer) ma romans z żonatym biznesmenem Rokiem (Matjaz Tribuson), którego kocha nad życie. Owocem ich związku jest mały Ivan. Pewnego dnia młoda matka odkrywa, że jej ukochany zniknął. Mężczyzna oskarżony jest o popełnienie przestępstwa. Co gorsza, Mara zostaje brutalnie pobita przez kumpli jego żony. W końcu parze udaje się odnaleźć i być razem. Młoda matka musi jednak dokonać niełatwego wyboru między kochankiem a dzieckiem…",Film,Dramat,2019,,7.3,191,"Slovenia, Croatia",https://cda-hd.cc/41947/ivan-2017-online/,https://image.tmdb.org/t/p/w185/l3Drwmr8SwOh6QUw8o557EEbd8.jpg
Puppy Star: Boże Narodzenie / Puppy Star Christmas (2018),"Nowa paczka Pup Star natrafia na rywalizujący zespół, który chce zrujnować Boże Narodzenie, mobilizują siły, by ratować świątecznego ducha.",Film,Familijny,2018,,3.5,126,USA,https://cda-hd.cc/41930/puppy-star-boze-narodzenie-puppy-star-christmas-2018-online/,https://image.tmdb.org/t/p/w185/ztmVR4XlmAWtHFjDBWh2VyYcyuC.jpg
Korpoludki / Corporate Animals (2019),"Co za wspaniała firma! Produkuje jadalne sztućce, dba o środowisko naturalne, a przede wszystkim troszczy się o swoich ludzi. Pod opieką niestabilnej emocjonalnie szefowej (Demi Moore), lubiącej wygłaszać kontrowersyjne teorie w stylu: „Mózg to największy mięsień”, kilkoro pracowników bierze udział w wyjeździe integracyjnym w Nowym Meksyku. Wycieczka szybko zamienia się w koszmar, gdy na skutek trzęsienia ziemi grupa zostaje uwięziona w jaskini. Dramatyczna sytuacja powinna zmusić ich do współpracy, lecz zamiast tego zaczyna się rozliczanie winnych, a na jaw wychodzą najgorsze firmowe sekrety. Po kilku dniach spędzonych w pułapce padnie wreszcie kluczowe pytanie: kogo zjeść, żeby przetrwać?",Film,"Horror, Komedia",2019,,4.4,1095,USA,https://cda-hd.cc/41923/korpoludki-corporate-animals-2019-online/,https://image.tmdb.org/t/p/w185/nFiJwUXiKLcsblGKvUPHyGjLEn7.jpg
Nadmiar łaski / Troppa grazia (2018),"Lucia (Alba Rohrwacher) i Arturo (Elio Germano) przechodzą poważny kryzys małżeński. Jedno z nich dopuściło się zdrady. Para żarliwie się kłóci. Nie mogą jednak robić tego zbyt głośno z uwagi na swoją nastoletnią córkę, Rosę (Rosa Vannucci), która rzekomo śpi. Po awanturze mężczyzna wychodzi z domu. Tymczasem Lucia musi przystosować się do nowej rzeczywistości. Niedługo po kłótni małżonków, kobieta spotyka na swojej drodze Matkę Boską.",Film,"Dramat, Komedia",2018,,6.0,949,Italy,https://cda-hd.cc/41832/nadmiar-laski-troppa-grazia-2018-online/,https://image.tmdb.org/t/p/w185/hdN93wHBtmqPh3tlxS4bpHkSAOA.jpg
Świąteczny rycerz / The Knight Before Christmas (2019),"Rycerz w magiczny sposób przenosi się z XIV wieku do współczesnego Ohio i zakochuje w nauczycielce, która przestała wierzyć w miłość.",Film,"Dramat, Fantasy, Komedia, Przygodowy, Romans",2019,,5.5,2211,USA,https://cda-hd.cc/41227/swiateczny-rycerz-the-knight-before-christmas-2019-online/,https://image.tmdb.org/t/p/w185/ivymBQYzYqZoLhvgYg77gSzXKsA.jpg
Klaus (2019),"Jesper (Jason Schwartzman) okazuje się najgorszym studentem w historii akademii listonoszy i zostaje przeniesiony na mroźną wyspę za północnym kołem podbiegunowym, gdzie skłóceni mieszkańcy rzadko ze sobą rozmawiają, a o pisaniu listów nie ma nawet mowy. Jesper jest już bliski rezygnacji, gdy znajduje wsparcie u miejscowej nauczycielki o imieniu Alva (Rashida Jones) i poznaje Klausa (nagrodzony Oscarem J.K. Simmons), tajemniczego stolarza, który mieszka samotnie w chatce pełnej własnej roboty zabawek. Ta wyjątkowa przyjaźń przywraca radość życia w Smeerensburg, skłaniając sąsiadów do hojności i wprowadzając nowe, pełne magii zwyczaje, jak wieszanie skarpet na kominku.",Film,"Animacja, Familijny, Komedia, Przygodowy",2019,,8.2,160219,Spain,https://cda-hd.cc/41131/klaus-2019-online/,https://image.tmdb.org/t/p/w185/q125RHUDgR4gjwh1QkfYuJLYkL.jpg
Parking (2019),"Adrian (Mihai Smarandache) jest ubogim rumuńskim pisarzem, który mieszka w przyczepie na obrzeżach zatłuczonej andaluzyjskiego miasta. Hiszpanie nie ufają mu, on jednak stara się zwalczyć panujące tam stereotypy, pracując za niewielkie pieniądze. Pewnego dnia podczas pobytu w innym mieście spotyka muzyczkę Marię (Belén Cuesta). Jako niepoprawny romantyk próbuje zdobyć jej serce. Obraz doceniony na MFF w Transylwanii.",Film,"Dramat, Romans",2018,,6.7,106,"Romania, Spain, Czech Republic",https://cda-hd.cc/40817/parking-2019-online/,https://image.tmdb.org/t/p/w185/3a7WzCr5UXD6Caum8SFCrXmvTOs.jpg
Draug (2018),"W XI wieku misjonarz zaginął gdzieś w ogromnych lasach graniczących z północnymi częściami Szwecji. Wysłano po niego ratowników, ale głęboko w tych lasach znajdą coś zupełnie innego. Coś ciemnego. Coś starożytnego. Coś złego.",Film,Horror,2019,,6.2,47,Sweden,https://cda-hd.cc/40590/draug-2018-online/,https://image.tmdb.org/t/p/w185/8PtIw0roIIRJGh8Al7Zh1o5JHOw.jpg
Szubienica 2 / The Gallows Act II (2019),"Kiedy Ana Rue przenosi się do nowej, prestiżowej szkoły aktorskiej, napotyka złowrogiego ducha po wzięciu udziału w wyzwaniu.",Film,"Horror, Tajemnica, Thriller",2019,,7.1,19,USA,https://cda-hd.cc/40437/the-gallows-act-ii-2019/,https://image.tmdb.org/t/p/w185/h2OCcYwUGqSBvqHjE3QBtTNeKXY.jpg
Doom: Annihilation (2019),"Film opowiada o grupie kosmicznych marines, którzy odpowiadają na wezwanie ratunkowe z bazy na księżycu Marsa, tylko po to, by odkryć, że miejsce zostało przejęte przez demoniczne stwory, które chcą stworzyć Piekło na Ziemi.",Film,"Akcja, Horror, Przygodowy, Sci-Fi, Thriller",2019,,3.6,1508,USA,https://cda-hd.cc/40352/doom-annihilation-2019-online/,https://image.tmdb.org/t/p/w185/y0veZvK4Q0NzoAjbFlUrGr1cvZ8.jpg
Wendeta / Brimstone (2016),,Film,"Thriller, Western",2017,148,7.5,2541,"Netherlands, France, Germany, Belgium, Sweden, UK",https://cda-hd.cc/14188/brimstone-2016-online/,https://image.tmdb.org/t/p/w185/fYYruOEwdbJhlgdfK1HxPhXwHiB.jpg
"Całujesz i masz / Pup-o, ma! (2018)","Trzech spragnionych miłości samotnych pasterzy próbuje pocałować upatrzone panie, licząc na to, że uda im się skłonić je do małżeństwa.",Film,Komedia,2019,,6.5,316,Romania,https://cda-hd.cc/40138/calujesz-i-masz-pup-o-ma-2018-online/,https://image.tmdb.org/t/p/w185/vVrKGKTjk9ULFSfWJvYDhbPcnob.jpg
Hoax (2019),"Zespół śledczy podróżuje w głąb odległej pustyni Colorado po tym, jak grupa młodych obozowiczów zostaje brutalnie zamordowana przez coś, co może być Wielką Stopą.",Film,Horror,2019,,3.6,314,USA,https://cda-hd.cc/39978/hoax-2019-online/,https://image.tmdb.org/t/p/w185/hK7s0dsNLGyEFokHyvyyTj1KCYL.jpg
Palące pożądanie / Manmarziyaan (2018),"Trójkąt miłosny między uduchowioną dziewczyną, towarzyskim chłopakiem i narzeczonym, który nadaje się na męża.",Film,Romans,2018,,6.9,5482,India,https://cda-hd.cc/39905/palace-pozadanie-manmarziyaan-2018-online/,https://image.tmdb.org/t/p/w185/spTuL3PJFYQsxBdAHbUJlHtwwyi.jpg
Wigilijny koszmar / Christmas Apparition (2016),"Emma opiekuje się dwójką nastolatków w przestronnym domu. Pomimo starań, by dało się odczuć magię i ciepło Bożego Narodzenia, para młodych domowników traktuje kobietę z wrogością i podejrzliwością. Wraz z upływem czasu, pobyt Emmy w nowym domu staje się coraz mniej przyjemny. Natężają się jej stany lękowe, w mieszkaniu objawiają się przedziwne cienie, a codzienne życie wydaje się balansować na granicy rzeczywistości i snu. Emmę, zmęczoną napiętą atmosferą i niepokojącymi obrazami z własnego umysłu, zaczynają nawiedzać wizje nieznajomego w domu. Niekończące się koszmary i wychodzące na jaw straszliwe fakty o nowo poznanej rodzinie zmuszają Emmę do konfrontacji z niewyobrażalnym złem, o którym jej wybujałemu umysłowi nawet się nie śniło.",Film,Thriller,2016,,5.2,422,USA,https://cda-hd.cc/23122/wigilijny-koszmar-christmas-apparition-2016/,"https://images-na.ssl-images-amazon.com/images/M/MV5BZmRlNjI3NzMtNmViZS00OTJkLWIyZTUtOTUzNGRkNzU1M2Q3XkEyXkFqcGdeQXVyMzIwNjMzOTM@._V1_UX182_CR0,0,182,268_AL_.jpg"
Zemsta córki kaznodziei / I Killed My BFF: The Preacher’s Daughter / Do Unto Others (2018),"Lily, córka kaznodziei, zaprzyjaźnia się z charyzmatyczną Rae i pod jej wpływem stopniowo porzuca bogobojne życie. Nagła śmierć Jasona, brata Lily, sprawia, że obwinia ona Rae, podejrzewając ją o konszachty z siłami zła. Postanawia wymierzyć jej karę.",Film,"Dramat, Thriller",2018,,5.0,101,USA,https://cda-hd.cc/39755/zemsta-corki-kaznodziei-i-killed-my-bff-the-preachers-daughter-do-unto-others-2018-online/,https://image.tmdb.org/t/p/w185/3BcBu4C6fWuUd8Keyqzb92wjpn.jpg
Arktyczna apokalipsa / Arctic Apocalypse (2019),"Katastroficzny obraz opowiadający historię rodziny przemierzającej mroźne bezdroża, po tym jak zmiany klimatyczne skuwają północną półkulę lodem.",Film,Akcja,2019,,3.7,6,USA,https://cda-hd.cc/39701/arktyczna-apokalipsa-arctic-apocalypse-2019-online/,https://image.tmdb.org/t/p/w185/6yOakcmbhgV0PXaUvL6iCzxeeb3.jpg
Boi (2019),Młody szofer na życiowych rozdrożach obwozi dwóch klientów po Barcelonie i daje się wciągnąć w realizację ich tajemniczego zadania.,Film,"Tajemnica, Thriller",2019,,4.7,115,Spain,https://cda-hd.cc/39583/boi-2019-online/,https://image.tmdb.org/t/p/w185/2lGKEaL315JTlusiQDRobBA84ES.jpg
Apollo 11: zaginione nagrania / Apollo: The Forgotten Films (2019),"W 1969 roku miliony ludzi patrzyły, jak Neil Armstrong stawia pierwsze kroki na Księżycu. Jednak za tymi słynnymi zdjęciami kryje się wiele niedopowiedzeń. Niektóre teorie pełne są wątpliwości, co do autentyczności materiałów. Ujawnione zostają nieodkryte dotąd archiwa.",Film,"Biograficzny, Dokumentalny, Historyczny",2019,,8.6,10,USA,https://cda-hd.cc/39486/apollo-11-zaginione-nagrania-apollo-the-forgotten-films-2019-online/,https://image.tmdb.org/t/p/w185/ea1F7HmYXyTxsZqnHnZ0v8dJ5p5.jpg
Lądowanie na Księżycu: Taśmy prawdy / Moon Landing The Lost Tapes (2019),"20 lipca 1969 roku doszło do jednego z najważniejszych wydarzeń w dziejach ludzkości – Neil Armstrong stanął na powierzchni Księżyca. Sukces ten okupiony był ciężką pracą. Poprzedziło go wiele nieudanych przedsięwzięć. Zaprezentowane zostaną niepokazywane wcześniej materiały, w tym wywiady z astronautami i inżynierami czy nagrania ze Srebrnego Globu, które dotąd uważano za zaginione. Przejmujący obraz uzupełnią ponadto prywatne nagrania. Twórcy dołożyli starań, aby widz miał wrażenie osobistego uczestniczenia w wydarzeniach.",Film,Dokumentalny,2019,,6.0,323,USA,https://cda-hd.cc/39427/ladowanie-na-ksiezycu-tasmy-prawdy-moon-landing-the-lost-tapes-2019/,https://m.media-amazon.com/images/M/MV5BY2ExOThiZDgtMzlkMi00OGFhLTllNGEtMGRlNDlhNTBjMWM5XkEyXkFqcGdeQXVyMzM3Mjk4NQ@@._V1_FMjpg_UX1000_.jpg
Źyciowy gracz / Spielmacher (2018),"Ivo (Frederick Lau) grał niegdyś w zawodowej drużynie piłki nożnej. Na kartach jego przeszłości zapisało się także parę kryminalnych incydentów. Teraz Ivo chce zmienić swoje życie. Skłonności do łamania prawa jednak okazują się jednak zbyt silne, by pozwolić o sobie zapomnieć. Pewnego dnia bowiem oszust Dejansa (Oliver Masucci) zauważa u Ivo naturalny talent do zakładów w dziedzinie sportu i postanawia zaangażować go w kolejne matactwa. Były piłkarz poznaje też młodego sportowca Lucasa (Mateo Wansing Lorrio) i zakochuje się w jego matce.",Film,"Dramat, Kryminał, Sportowy",2018,,6.4,102,Germany,https://cda-hd.cc/39344/zyciowy-gracz-spielmacher-2018-online/,https://image.tmdb.org/t/p/w185/k0ij0ahAG1uJl6C40ZqzjKqAe3z.jpg
Rusałka. Jezioro umarłych / Rusalka: Ozero myortvykh (2018),"Marina ma wyjść za Romana. Tymczasem jej ukochany spotyka tajemniczą dziewczynę i coraz bardziej ulega czarowi, który na niego rzuciła. Marina musi przezwyciężyć lęk przed wodą, by pokonać demony.",Film,"Dramat, Fantasy, Horror, Romans, Tajemnica, Thriller",2018,,4.3,680,Russia,https://cda-hd.cc/39104/rusalka-jezioro-umarlych-rusalka-ozero-myortvykh-2018-online/,https://image.tmdb.org/t/p/w185/9s1dZT7G95zL3JZ3K34VHZi6oa5.jpg
Mój tata pisał pornografię / My Dad Wrote a Porno (2019),"Podcast z seksualnym podtekstem, który stał się wielkim hitem po obu stronach Atlantyku. Produkcja trafiła do telewizji jako wydarzenie specjalne nagrane przed publicznością na żywo w Roundhouse.",Film,Komedia,2019,,6.2,166,UK,https://cda-hd.cc/38887/moj-tata-pisal-pornografie-my-dad-wrote-a-porno-2019-online/,https://image.tmdb.org/t/p/w185/za8xRL3ygFyk1zRzAEsYuu26Zht.jpg
Gra o Tron: Ostatnia warta / Game of Thrones: The Last Watch (2019),"Film dokumentalny „Gra o Tron: Ostatnia warta” („Game of Thrones: The Last Watch”) zanurza się głęboko w pełen błota i krwi serialowy świat „Gry o tron”, aby pokazać pot i łzy, jak również chwile triumfu, które towarzyszyły jego twórcom przy kreowaniu świata Westeros i jego bohaterów. Zdjęcia kręcone były nie tylko w studiach, ale również na polach i parkingach w Irlandii Północnej. Dokument ten jest bezprecedensową, osobistą kroniką odsłaniającą kulisy powstawania „Gry o Tron”. Twórcy podążają w nim za członkami ekipy i obsadą serialu, którym przyszło zmagać z ekstremalną pogodą, goniącymi ich terminami czy nieustanną ciekawością podekscytowanych fanów, którzy marzyli o poznaniu chociaż rąbka fabuły. Produkcja ta jest nie tylko kroniką pracy na planie, to także zabawna i przejmująca historia, opowiedziana ze swadą i dużą dozą intymności, przedstawiająca słodko-gorzką prawdę o radości, jaką daje tworzenie świata i smutku towarzyszącym konieczności pożegnania się z nim.",Film,Dokumentalny,2019,,7.6,2378,USA,https://cda-hd.cc/38875/gra-o-tron-ostatnia-warta-game-of-thrones-the-last-watch-2019-online/,https://image.tmdb.org/t/p/w185/9qpuNPi06IdqqZdRunRRSOl65RS.jpg
Perfekcja / The Perfection (2018),"W tym thrillerze o zawiłej fabule wirtuozka wiolonczeli po długiej przerwie w karierze odszukuje dawnych mentorów i odkrywa, że mają nową utalentowaną uczennicę.",Film,"Dramat, Horror, Thriller",2019,,6.3,157,USA,https://cda-hd.cc/38829/perfekcja-the-perfection-2018/,https://image.tmdb.org/t/p/w185/tPDe68PDsgIGMs6wdJLtcwVVxA7.jpg
Uśmiechy smutnych mężczyzn / Úsmevy smutných muzu (2018),"Opowieść o czterech mężczyznach, którzy znaleźli się na dnie przez swój nałóg. Niegdyś odnoszący sukcesy, teraz pozostający na marginesie społeczeństwa alkoholicy Josef (David Svehlík), Tomáš (Ivan Franek), Milan (Jaroslav Dusek) i Honza (Ondrej Malý) doskonale zdają sobie sprawę, w jak trudnym położeniu się znaleźli. Nie odmawiają sobie jednak przyjemności odnajdywania powodów do śmiechu w najbardziej prozaicznych rzeczach.",Film,"Dramat, Komedia",2018,,6.7,143,Czech Republic,https://cda-hd.cc/38620/usmiechy-smutnych-mezczyzn-usmevy-smutnych-muzu-2018-online/,https://image.tmdb.org/t/p/w185/pHVZmtcdO39D5QE2scL4eEzIFnN.jpg
Wszystkie kolory trawy / Grass is Greener (2019),Zioło zagościło na dobre w świecie jazzu i hip-hopu. To przez nie toczą się wojny narkotykowe. Jakie piętno na amerykańskim społeczeństwie odcisnęła marihuana?,Film,Dokumentalny,2019,97,7.1,241,,https://cda-hd.cc/38470/wszystkie-kolory-trawy-grass-is-greener-2019-online/,https://image.tmdb.org/t/p/w185/xIO2FJBHYihZVnAk2uitfo7PSlI.jpg
Rozmowy z Masarykiem / Hovory s TGM (2018),"26 września 1928 roku pisarz Karel Čapek i prezydent Tomáš Garrigue Masaryk, dwie bardzo ważne postacie I Republiki Czechosłowackiej, spotykają się w ogrodach zamku Topolčianky, aby porozmawiać o przyszłości ich wspólnego dzieła literackiego. Čapek oraz Masaryk konfrontują swoje poglądy i wzajemnie się obrażają. Zadają sobie też osobiste pytania i dywagują na temat społecznej funkcji twórczości i polityki.",Film,"Biograficzny, Dramat, Historyczny",2018,,6.7,35,Czech Republic,https://cda-hd.cc/38403/rozmowy-z-masarykiem-hovory-s-tgm-2018-online/,https://image.tmdb.org/t/p/w185/crbwNXIRBbsutdTTsKsEn5HupVk.jpg
Seven in Heaven (2018),"Dwójka nastolatków wchodzi do tajemniczej szafy i pojawia się w przerażającej alternatywnej rzeczywistości. Muszą znaleźć drogę powrotną, zanim drzwi zostaną zamknięte na zawsze.",Film,"Horror, Sci-Fi",2018,,5.3,11713,USA,https://cda-hd.cc/38139/seven-in-heaven-2018-online/,https://image.tmdb.org/t/p/w185/elReufFR4NYFiBVRsD0wB2F6FDf.jpg
Sekretny świat kotów / Cats and Peachtopia (2018),"Życie młodego kota Cape’a to istna sielanka. Mieszka z tatą u dobrych ludzi, gdzie niczego im nie brakuje. Państwo są przekonani, że lepiej ułożonych i grzeczniejszych kotów ze świecą szukać. Ale wkrótce odkryją, że nie do końca mieli rację! Cape to niespokojny duch, który od dziecka marzy o wielkiej przygodzie. Gdy usłyszy opowieść o mitycznej kociej krainie, postanowi wbrew rodzicielskim zakazom wyruszyć w drogę.",Film,"Akcja, Komedia, Przygodowy",2019,,5.4,186,China,https://cda-hd.cc/39232/sekretny-swiat-kotow-cats-and-peachtopia-2018-online/,https://image.tmdb.org/t/p/w185/4WmPz5NPuJKuFkKAYSGzziOVo3Z.jpg
Madame J / Lady J (2019),"Gdy jej romans z rozpustnym markizem przybiera niekorzystny obrót, bogata wdowa korzysta z pomocy młodszej kobiety, by opracować plan zemsty.",Film,"Dramat, Romans",2019,,7.2,79,,https://cda-hd.cc/37518/madame-j-lady-j-2019-online/,https://image.tmdb.org/t/p/w185/7lRyjgYcrl0CfUBqQTJAAsFgVy.jpg
Naczelny dowódca / General Commander (2018),Funkcjonariusz GRS Jake Alexander i jego zespół młodych rekrutów ścigają najbardziej niebezpiecznych i znanych przestępców przy pomocy miliardera z Hong Kongu.,Film,Akcja,2018,,6.6,35,"UK, Philippines, Hungary",https://cda-hd.cc/37363/naczelny-dowodca-general-commander-2018-online/,"https://m.media-amazon.com/images/M/MV5BZTNmMGM4N2UtNzdkZC00MDdlLTg2ZWQtMjdiYjAxZjk2OTJhXkEyXkFqcGdeQXVyNjc0ODMzOTI@._V1_UX182_CR0,0,182,268_AL_.jpg"
Tristan i Izolda / Tristan + Isolde (2006),"Tristan, walcząc w turnieju jako reprezentant swojego władcy, zdobywa rękę pięknej Izoldy. Okazuje się, że jest ona kobietą, która niedawno ocaliła mu życie i z wzajemnością go pokochała.",Film,"Akcja, Dramat, Romans, Wojenny",2006,,6.8,48459,"USA, UK, Germany, Czech Republic",https://cda-hd.cc/37161/tristan-i-izolda-tristan-isolde-2006-online/,https://image.tmdb.org/t/p/w185/pX0JBGiSeClgcMUkiSQzkpGpi6e.jpg
30 nocy seksu / 30 Nights (2018),"W ostatniej próbie ratowania małżeństwa, Nick oraz Willa odwiedzają słynnego, aczkolwiek ekscentrycznego terapeutę związkowego. Wspólnie wyruszają w miesięczną podróż prowokacyjnych i zabawnych zadań seksualnych.",Film,Komedia,2018,,4.2,211,USA,https://cda-hd.cc/37579/30-nocy-seksu-30-nights-2018/,"https://m.media-amazon.com/images/M/MV5BMmQ4M2U2ZTktOTEyYy00YTgyLWEzNDAtNjMyY2RkODJhNzQ5XkEyXkFqcGdeQXVyNTA2ODk3OTk@._V1_UX182_CR0,0,182,268_AL_.jpg"
Big Ben – ratowanie najsłynniejszego zegara świata / Big Ben: Saving the World’s Most Famous Clock (2017),"Najsłynniejsza i największa wieża zegarowa na świecie, będąca wizytówką Londynu, przeszła remont generalny, podczas którego jej dzwony zostały wyciszone na cztery lata. O tym ogromnym przedsięwzięciu opowiada dyrektor Landmark Trust, Anna Keay, a także odpowiedzialny za niego architekt i trzej zegarmistrzowie, którzy ustawiają gigantyczny mechanizm po raz pierwszy od prawie 160 lat. Autorzy filmu przybliżają także bogatą historię Elizabeth Tower.",Film,Dokumentalny,2017,,8.7,6,UK,https://cda-hd.cc/36837/big-ben-ratowanie-najslynniejszego-zegara-swiata-big-ben-saving-the-worlds-most-famous-clock-2017-online/,"https://m.media-amazon.com/images/M/MV5BNjIyYTYyNjQtMjcwMy00YTJkLWExODctODdhN2MwZWI3MDZlXkEyXkFqcGdeQXVyODk1MDkzODU@._V1_UY268_CR151,0,182,268_AL_.jpg"
W pętli / Hurok (2016),"W wyniku wypadku samochodowego ginie spodziewająca się dziecka dziewczyna Adama. Wkrótce mężczyzna otrzymuje od losu szereg szans na naprawienie przeszłych błędów, które niefortunnie przyczyniły się do tragedii. Aby utrzymać ukochaną kobietę przy życiu, Adam musi stawić czoła konsekwencjom wcześniejszych wyborów.",Film,Thriller,2016,,7.2,247,Hungary,https://cda-hd.cc/36383/w-petli-hurok-2016-online/,https://image.tmdb.org/t/p/w185/hj4yGLUQLBUni8xbK69qV33B2UO.jpg
The Last Boy (2019),"Świat zbliża się do zagłady, umierająca matka wysyła młodego syna w poszukiwaniu miejsca, które spełnia życzenia.",Film,"Dramat, Sci-Fi",2019,,5.0,160,UK,https://cda-hd.cc/36348/the-last-boy-2019-online/,https://image.tmdb.org/t/p/w185/7o5WVpjAffERCTkrAmpqNlieAMz.jpg
Buntownicy z Seminarium / One Step Behind the Seraphim (2017),"Grupa studentów pierwszego roku seminarium po tym, jak zderzy się ze światem obłudy, fałszu i korupcji, będzie musiała zrewidować swoje oczekiwania. Czy Gabrielowi i jego kolegom uda się zachować młodzieńcze ideały? Czy złamie zasady, obowiązujące w szkole – a może będzie zmuszony poddać się surowym regułom? Doskonała opowieść o buncie, władzy i dorastaniu w niesprzyjających warunkach.",Film,Dramat,2017,,8.4,1,Romania,https://cda-hd.cc/36238/buntownicy-z-seminarium-one-step-behind-the-seraphim-2017-online/,https://image.tmdb.org/t/p/w185/kVoE5Rm8BsCBpyxo473JGSPgfRw.jpg
Johnny Gruesome (2018),"Zamordowany uczeń liceum, powraca do życia by zemścić się na swoich oprawcach",Film,"Horror, Komedia",2018,,5.0,96,USA,https://cda-hd.cc/36214/johnny-gruesome-2018-online/,https://image.tmdb.org/t/p/w185/m2l0yqOcTlAcy1mbWEayK3P6XUn.jpg
Odnajdę cię (2018),"Córka policjantki Justy – Lena zostaje uprowadzona. Kobieta, aby ją uratować decyduje się popełnić przestępstwo.",Film,Kryminał,2018,,5.0,1212,Poland,https://cda-hd.cc/35784/odnajde-cie-2018-online/,https://image.tmdb.org/t/p/w185/5aYD455MNVI61ZejyeqwntK6YPm.jpg
Mowgli: Legenda dżungli / Mowgli: Legend Of The Jungle (2018),Chłopiec wychowany w dżungli przez zwierzęta zmaga się z potężnym wrogiem — i własną naturą.,Film,"Dramat, Przygodowy",2018,,7.3,359,UK | USA,https://cda-hd.cc/35195/mowgli-legenda-dzungli-mowgli-legend-of-the-jungle-2018-online/,https://image.tmdb.org/t/p/w185/wdj8FK2bCA7iNtZRSzJHrltAwnr.jpg
Więzień labiryntu: Lek na śmierć / Maze Runner: The Death Cure (2018),"Thomas staje na czele grupy zbiegłych Streferów, którzy wyruszają z ostateczną misją. Jeśli chcą ocalić swych przyjaciół, muszą wkraść się do legendarnego Ostatniego Miasta – kontrolowanego przez DRESZCZ labiryntu, który kryje w sobie najniebezpieczniejszą z dotychczasowych pułapek. Ci, którzy wyjdą z niej żywi, poznają odpowiedzi na pytania, które Streferzy zadają sobie od chwili, gdy znaleźli się w pierwszym labiryncie.",Film,"Akcja, Sci-Fi, Thriller",2018,,6.4,91,142 min,https://cda-hd.cc/29586/wiezien-labiryntu-lek-na-smierc-maze-runner-the-death-cure-2018-online/,https://image.tmdb.org/t/p/w185/jupR6zmIfBp1yjbDw3KiU9GGhmA.jpg
A Month of Sundays (2015),"Frank jest agentem nieruchomości, którego życie pozbawione jest jakiegokolwiek uczucia. Jego matka zmarła, właśnie rozwiódł się z żoną, ma fatalny kontakt z synem. Pustkę emocjonalną niespodziewanie wypełnia tajemnicza rozmowa telefoniczna ze zmarłą matką.",Film,"Dramat, Komedia",2016,,6.4,128,Australia,https://cda-hd.cc/6266/a-month-of-sundays-2015-online/,https://image.tmdb.org/t/p/w185/smsxbWirgC3556f7uknTy2xksMK.jpg
Osaczona / Shut In (2016),"Dziecięca psycholożka musi uratować małego chłopca, który zaginął w tajemniczych okolicznościach podczas burzy śnieżnej.",Film,"Dramat, Thriller",2016,,4.8,91,"France, Canada, USA",https://cda-hd.cc/33905/osaczona-shut-in-2016-online/,https://image.tmdb.org/t/p/w185/qXIGq6ddQhIYe4Z7A86nZ1qjUME.jpg
My Little Pony Equestria Girls: Rollercoaster Przyjaźni / My Little Pony Equestria Girls: Rollercoaster of Friendship (2018),Nowa praca Rarity jako projektantki mody na paradzie w parku rozrywki wchodzi w drogę jej przyjaźni z Applejack. Dziewczyny muszą się pogodzić i rozwiązać sprawę zaginionych przyjaciółek.,Film,"Animacja, Familijny, Komedia, Muzyczny",2018,,6.4,43,"USA, Canada",https://cda-hd.cc/33770/my-little-pony-equestria-girls-rollercoaster-przyjazni-my-little-pony-equestria-girls-rollercoaster-of-friendship-2018-online/,https://image.tmdb.org/t/p/w185/cza853vKq9ilt2yw77ExfdfJDMj.jpg
Public Disturbance (2018),"Grupa The Janoskians została zaproszona na występ podczas pełnej gwiazd imprezy urodzinowej Alison, córki słynnego potentata medialnego (Mike Tyson). Występ w ostatniej chwili odwołano, więc ekipa jajcarzy postanowiła przejąć nudną imprezę i pokazać, co znaczy zakłócanie porządku.",Film,Komedia,2018,84,4.0,,USA,https://cda-hd.cc/33390/public-disturbance-2018-online/,https://image.tmdb.org/t/p/w185/1hVjwCDRa01fSh27nmXXrc1VGMa.jpg
Wilcza skóra / The Skin of the Wolf / Bajo la piel de lobo (2017),,Film,Dramat,2018,110,5.7,255,Spain,https://cda-hd.cc/32707/wilcza-skora-the-skin-of-the-wolf-bajo-la-piel-de-lobo-2017-online/,https://image.tmdb.org/t/p/w185/xh4iBc45ZzP8wM6Gmfhkt3k6Cwp.jpg
Dirt (2018),"Poszukując liny ratunkowej dla swojej drużyny wyścigowej, mężczyzna bierze pod swoje skrzydła młodego złodzieja samochodów, szukającego drugiej szansy.",Film,Sportowy,2018,,6.4,32,USA,https://cda-hd.cc/29978/dirt-2018-online/,https://image.tmdb.org/t/p/w185/vTaCOiOHIizJcahCgRoBQWtDwsz.jpg
Terapia sercowa / Lasciati andare (2017),"Elia Venezia (Tony Servillo) to gburowaty psychoanalityk, który od paru lat żyje w separacji ze swoją żoną. Pewnego dnia dostaje diagnozę – jeśli nie zmieni swojego trybu życia, grozi mu poważna choroba. Postanawia zgubić parę kilogramów i wyrobić sobie trochę kondycję. W tym celu zapisuje się do Claudii (Verónica Echegui) – trenerki personalnej. Claudia to przeciwieństwo Elia. Mimo trudnej sytuacji życiowej, jest radosną osobą i pełną pozytywnej energii. Dziewczyna uwikłana jest w toksyczną relację z byłym partnerem, sama wychowuje też ich dziecko. Znajomość z dziewczyną odmienia życie psychoanalityka, który na nowo odnajduje światło w nudnej i przewidywalnej codzienności.",Film,Komedia,2017,,6.0,625,Italy,https://cda-hd.cc/33821/terapia-sercowa-lasciati-andare-2017-online/,https://image.tmdb.org/t/p/w185/2FC0JILDmLmJfAfjwdAPqS6KFon.jpg
Żadnych wątpliwości / Ôtez-moi d’un doute (2017),"45-letni wdowiec Erwan (François Damiens) jest ekspertem od rozminowywania i nagle odkrywa przez przypadek, że człowiek, który go wychował, nie jest jego biologicznym ojcem. Postanawia wynająć detektywa i rozpocząć poszukiwania swojego prawdziwego rodzica. Prawdopodobnie ojcem Erwana jest starszy, niezwykle ujmujący mężczyzna o imieniu Joseph (André Wilms), który znał jego matkę przez jakiś czas. Wdowiec jednocześnie poznaje Annę (Cécile de France), w której powoli się zakochuje. Wszystko wymyka się spod kontroli, gdy okazuje się, że jest ona córką Josepha, czyli jego przyrodnią siostrą.",Film,"Dramat, Komedia",2017,100,6.5,,"France, Belgium",https://cda-hd.cc/32331/zadnych-watpliwosci-otez-moi-dun-doute-2017-online/,https://image.tmdb.org/t/p/w185/13b26yIrgRFb9AOiwAngLtBgmwM.jpg
Kobieta z lodu / Ice Mother / Bába z ledu (2017),"Po śmierci męża Hana mieszka samotnie w rodzinnym domu. Jej dwaj dorośli już synowie odwiedzają ją wraz ze swoimi żonami i dziećmi, ale te wizyty na ogół kończą się kłótniami, więc atmosfera w rodzinie jest nie najlepsza. Kiedy Hana spotyka Bronę, twardego mężczyznę uzależnionego od pływania w morzu zimą, przed kobietą otwiera się nagle zupełnie nowy świat. Brona przyjmuje Hanę do swojego zespołu morsów, a ona stopniowo uczy się pokonać strach przed lodowatą wodą. Przede wszystkim jednak na nowo uczy się kochać…",Film,"Dramat, Komedia, Romans",2017,106,7.0,,"Czech Republic, France, Slovakia",https://cda-hd.cc/32327/kobieta-z-lodu-ice-mother-baba-z-ledu-2017-online/,https://image.tmdb.org/t/p/w185/xSVomaRhZW00gVTiWAHYFtkRGt.jpg
Labirynt świadomości (2017),Młoda dziennikarka prowadzi śledztwo w sprawie tajemniczych samobójstw. W jego trakcie wpada na trop firmy skupującej krew miesięczną.,Film,Thriller,2017,125,5.4,,Poland,https://cda-hd.cc/32263/labirynt-swiadomosci-2017-online/,"https://m.media-amazon.com/images/M/MV5BY2RkNjA3NjItNDVhNi00ZGZjLWFmZjktNGU3NjQzMGUyMGM5XkEyXkFqcGdeQXVyMTEwMTY3NDI@._V1_UY268_CR3,0,182,268_AL_.jpg"
Nocny stróż / El Sereno (2017),"Samotnik Fernando (Gastón Pauls) zaczyna pracę jako nocny stróż w ogromnym magazynie, pełnym schodów i korytarzy. Budynek ma wkrótce zostać zburzony, mężczyzna znalazł więc spokojne i mało wymagające zajęcie. Pewnej nocy wydarza się jednak coś niepokojącego. Stróż słyszy dziwny dźwięk i postanawia sprawdzić, co dokładnie dzieje się w opuszczonej placówce. Okazuje się, że brama, która powinna być zamknięta, została przez kogoś otwarta. Sprawy szybko przybierają niespodziewany przebieg.",Film,"Horror, Tajemnica, Thriller",2017,,5.0,,"Uruguay, Argentina",https://cda-hd.cc/32261/nocny-stroz-el-sereno-2017-online/,https://image.tmdb.org/t/p/w185/wSa0JadvAZvR2OPJiaHhckHjkL4.jpg
Tiger Girl (2017),"Młoda i nieśmiała Margarete (Maria-Victoria Dragus) marzy o tym, by pracować jako policjantka. Mimo usilnych starań i poświęcenia nie udaje jej się tego zrealizować. Dziewczyna decyduje się więc zrobić kurs na pracownika ochrony. Pewnego wieczoru zostaje niespodziewanie zaatakowana przez byłego współpracownika. Z opresji ratuje ją pracująca jako taksówkarz zbuntowana nieznajoma (Ella Rumpf). Margarete jest pod wrażeniem nowej znajomej. Rezolutna Tiger zmienia jej sposób myślenia i podejście do rzeczywistości.",Film,Akcja,2017,90,5.0,,Germany,https://cda-hd.cc/32213/tiger-girl-2017-online/,https://image.tmdb.org/t/p/w185/lncngniSahJf1F6FZt07oRnDigd.jpg
Made in Italy (2018),"iko pracuje w fabryce przetwarzającej mięso, podobnie jak jego ojciec. Częściej widzi zwierzęta niż ludzi, a życia nie ułatwia mu skomplikowana relacja z Sarą. Zresztą Riko i tak ma szczęście: większość jego kolegów straciła pracę po pięćdziesiątce i w ogóle nie ma źródła utrzymania. Czas wolny spędza z przyjaciółmi, między innymi z Carnevale, ale nie pomaga mu to ukoić duszy skołatanej kryzysami egzystencjalnymi. Pewnego dnia grupa przyjaciół postanawia pojechać do Rzymu, gdzie bierze udział w protestach ulicznych. Riko zostaje ranny w głowę, co powoduje, że chce zmienić swoje życie: zaczyna rozmawiać z żoną, a w pracy dopominać się o swoje.",Film,"Dramat, Komedia",2018,100,5.8,,Italy,https://cda-hd.cc/32209/made-in-italy-2018-online/,https://image.tmdb.org/t/p/w185/nzeFmkdPoxSisdTHvdgbR4p8ReM.jpg
Stephanie (2017),"Osierocona dziewczynka z nieziemskimi mocami zostaje przyjęta do domu pary, która twierdzi, że są jej rodzicami.",Film,"Dramat, Fantasy, Horror",2018,,5.7,928,USA,https://cda-hd.cc/32010/stephanie-2017-online/,https://image.tmdb.org/t/p/w185/saH984W3ZGjRX0NMCEsuKh8VUP9.jpg
M jak morderca / Hangman (2017),"Emerytowany detektyw z wydziału zabójstw wraz z kryminalnym profilerem i dziennikarką śledczą próbują schwytać seryjnego mordercę. Sprawa staje się jedną z najtrudniejszych w karierze doświadczonych policjantów, wciągając całą trójkę w wisielczą grę.",Film,"Kryminał, Tajemnica, Thriller",2017,,4.9,1414,USA,https://cda-hd.cc/22597/m-jak-morderca-hangman-2017-online/,https://image.tmdb.org/t/p/w185/qyWqax6jTxxmZBn2TFSsjpRR3cj.jpg
Rendel (2017),"Film Rendel będzie historią człowieka zaślepionego przez jego pragnieniem zemsty i nienawiści. Chociaż Rendela można uznać za superbohatera, to jest nieco ciemniejszą postacią niż tradycyjni przedstawiciele gatunku. Akcja będzie odbywać się w fikcyjne fińskim mieście, Mikkeli.",Film,"Akcja, Dramat, Kryminał",2017,,4.8,1,Finland,https://cda-hd.cc/38399/rendel-2017/,https://image.tmdb.org/t/p/w185/89Ra4YuPxPDGKfbgArDz1u4BDu4.jpg
Nie jestem łatwy / I Am Not an Easy Man (2018),"Bezwstydny szowinista dostaje nauczkę, gdy budzi się w świecie rządzonym przez kobiety i zadziera z wpływową pisarką.",Film,Komedia,2018,,7.0,47,France,https://cda-hd.cc/31216/nie-jestem-latwy-i-am-not-an-easy-man-2018-online/,https://image.tmdb.org/t/p/w185/hOFLUPWCWfdsyLEiCX2TYW4Wo44.jpg
Małpa / Monkey (2016),"Siedemnastoletnia Iva (Radina Borshosh) oraz dwunastoletnia Maya (Aleksandra Kostova) są przyrodnimi siostrami. Pewnego dnia okazuje się, że ich ojciec Andrey (Julian Vergov) musi poddać się rutynowej operacji. Dochodzi jednak do komplikacji, w następstwie których zapada w śpiączkę.",Film,Dramat,2016,,7.6,106,Bulgaria,https://cda-hd.cc/31053/malpa-monkey-2016-online/,https://image.tmdb.org/t/p/w185/m4PBpQTLig4IyQGgCKb4n04RPqZ.jpg
"Game Over, Man! (2018)","Gdy do hotelu w Los Angeles wpadają żądający ogromnego okupu uzbrojeni bandyci, troje zatrudnionych w nim przyjaciół musi pokonać własne ograniczenia i zmienić się w bohaterów.",Film,"Akcja, Komedia",2018,,7.7,60,USA,https://cda-hd.cc/30464/game-over-man-2018-online/,https://image.tmdb.org/t/p/w185/sEvsVOQimaMqqwvMOyMOzZEHnSv.jpg
Szklane Piekło / Crystal Inferno (2017),"W kancelarii adwokackiej, znajdującej się na 60. piętrze nowowybudowanego nowoczesnego wieżowca, Brianna (Claire Forlani) i Tom (Jamie Bamber) Bronsonowie przygotowują się do podpisania dokumentów rozwodowych. Tymczasem na 20 piętrze budynku, gdzie akurat w windzie znajdują się ich nastoletni syn oraz córka, wybucha pożar.
Zwaśnieni małżonkowie muszą zjednoczyć siły, by uratować siebie i uwięzione dzieci.",Film,"Akcja, Familijny, Przygodowy",2017,,4.9,148,"France, Belgium",https://cda-hd.cc/30362/szklane-pieklo-crystal-inferno-2017-online/,https://image.tmdb.org/t/p/w185/jM7VphK4v3yFCMwKiDd0ejVIkUw.jpg
Dziewczyna w skrzyni / The Girl in the Box (2016),"Podróżująca autostopem 22-letnia Colleen Stan zostaje porwana przez Camerona i Janice Hookerów. W ich domu spędza siedem lat, torturowana, gwałcona i przetrzymywana w skrzyni wielkości trumny.",Film,"Dramat, Kryminał",2016,,6.3,428,Canada,https://cda-hd.cc/29783/dziewczyna-w-skrzyni-the-girl-in-the-box-2016-online/,"https://m.media-amazon.com/images/M/MV5BZTRkZTY0MjgtZTgzNC00MmEwLWFkMGEtNzlhOTA0NTZhNTc2XkEyXkFqcGdeQXVyMjUxNzU1NjA@._V1_UY268_CR30,0,182,268_AL_.jpg"
Scooby-Doo & Batman: the Brave and the Bold (2018),"Batman łączy siły z gangiem Scooby Doo, gdy złoczyńcy z obu światów jednoczą się, by siać spustoszenie w mieście.",Film,"Akcja, Animacja, Komedia",2018,,9.4,5,USA,https://cda-hd.cc/23467/scooby-doo-batman-the-brave-and-the-bold-2018-online/,https://image.tmdb.org/t/p/w185/hSPeF1zoYH8kCOhFMu7x3B55zu6.jpg
Babes With Blades (2018),"Azura, ostatnia z nieustraszonej rasy wojowniczek, walczy z imperium, które zniszczyło jej dom.",Film,Fantasy,2018,,3.1,51,UK,https://cda-hd.cc/23469/babes-with-blades-2018-online/,https://image.tmdb.org/t/p/w185/fwdFyAP2M9N70bQoCHPIPoM70Tg.jpg
Coco (2017),"Film opowiada o historii małego chłopca – Miguela, który próbuje rozwiązać pewną tajemnicę rodzinną. Za sprawą nieoczekiwanych wydarzeń dochodzi do spotkania chłopca i rodziny, żywej jak i martwej.",Film,"Animacja, Familijny, Fantasy, Komedia, Muzyczny, Przygodowy, Tajemnica",2017,,8.4,102,USA,https://cda-hd.cc/23425/coco-2017-online/,https://image.tmdb.org/t/p/w185/eKi8dIrr8voobbaGzDpe8w0PVbC.jpg
Controra: Dom pełen cieni / Controra – House of Shadows (2014),"Megan (Fiona Glascott) jest odnoszącą sukcesy malarką. Mieszka w Dublinie wraz z mężem, architektem Leo (Pietro Ragusa), który wyemigrował przed laty do Irlandii. Pewnego dnia mężczyzna dowiaduje się o śmierci wuja – wpływowego duchownego Domenico (Salvatore Lazzaro). Krewny pozostawił mu w spadku zabytkowy pałac we włoskiej Apulii. Leo zamierza sprzedać okazałą posiadłość, ale jego żona jest zauroczona śródziemnomorskim klimatem. Postanawia spędzić w odziedziczonej rezydencji lato. Wkrótce staje się świadkiem budzących grozę wydarzeń. Przekonuje się, że rodzina jej męża skrywa przed światem mroczne tajemnice z przeszłości. Za kamerą stanęła debiutująca w pełnym metrażu reżyserka i scenarzystka Rossella De Venuto, która umiejętnie nawiązuje do tradycji włoskich horrorów z lat 70.",Film,Thriller,2014,,5.5,72,Italy | Ireland,https://cda-hd.cc/23400/controra-dom-pelen-cieni-controra-house-of-shadows-2014-online/,"https://m.media-amazon.com/images/M/MV5BNWZkMzM0OTItNTAxMy00Zjg4LTllNDAtODM5YTNmMWFlMGQxXkEyXkFqcGdeQXVyMTQ0NjA2ODA@._V1_UY268_CR5,0,182,268_AL_.jpg"
Lazer Team 2 (2018),,Film,Sci-Fi,2017,86,5.8,348,USA,https://cda-hd.cc/23384/lazer-team-2-2018-online/,https://image.tmdb.org/t/p/w185/21A6RTi9RgOdHmcwC1DSqgi2cIJ.jpg
Czas zemsty / Dead Man Down (2013),"Victor (Colin Farrell) jest prawą ręką bossa podziemnego światka (Terrence Howard). Od pewnego czasu jego ludzie są systematyczniee likwidowani przez nieuchwytnego mordercę, pozostawiającego na miejscu zbrodni tajemnicze wiadomości. Członkowie gangu za wszelka cenę usiłują namierzyć zabójcę. W międzyczasie Victor poznaje delikatną, subtelną dziewczynę z bloku naprzeciwko. Beatrice (Noomi Rapace) mieszka tam razem z matką (Isabelle Huppert). Para zaczyna się spotykać, i wkrótce okazuje się, że krucha Francuzka nie jest taką kobietą, jaką się wydaje. Owładnięta chęcią zemsty na ludziach, którzy kiedyś zrobili jej krzywdę, Beatice jest silna, zdeterminowana i inteligentna – szybko domyśla się, że Victor też ukrywa mroczną tajemnicę z przeszłości.",Film,"Akcja, Dramat, Kryminał, Thriller",2013,,6.5,60414,USA,https://cda-hd.cc/20251/czas-zemsty-dead-man-down-2013-online/,https://image.tmdb.org/t/p/w185/5j7V4YcWo82CMU8EP2QIc2mWr25.jpg
Star Wars Battlefront II (2017),Jest to pełny film z STAR WARS Battlefront 2 z pełnym polskim dubbingiem oraz angielskimi napisami.,Film,"Akcja, Fantasy, Przygodowy",2017,,6.2,912,Sweden | USA,https://cda-hd.cc/23292/star-wars-battlefront-ii-2017-online/,"https://images-na.ssl-images-amazon.com/images/M/MV5BOTY3NzM1OTI3OV5BMl5BanBnXkFtZTgwOTUyNzMwMjI@._V1_UY268_CR7,0,182,268_AL_.jpg"
#realityhigh (2017),"Wzorowa uczennica, Dani, w końcu nawiązuje relację z chłopakiem, w którym od dawna się podkochuje. To wyraźnie nie podoba się jego byłej, która jest gwiazdą internetu.",Film,Komedia,2017,,5.1,348,USA,https://cda-hd.cc/20162/realityhigh-2017-online/,"https://images-na.ssl-images-amazon.com/images/M/MV5BNDU3Mzk0ODAtMzI0Ni00YTUzLWIyNDctMDE3OTE3OTk4OWE2XkEyXkFqcGdeQXVyNTM0MDc1ODE@._V1_UX182_CR0,0,182,268_AL_.jpg"
Nago / Naked (2017),"Rob jest szaleńczo zakochany i zaraz ma się ożenić. Niestety, chwilowo utknął nago w windzie oraz w… pętli czasowej.",Film,Komedia,2017,,7.1,291,USA,https://cda-hd.cc/19421/nago-naked-2017-online/,https://image.tmdb.org/t/p/w185/5nxYmm03RAqAChErpRpFTHDlfCq.jpg
Coś za mną chodzi / It Follows (2014),,Film,"Horror, Thriller",2015,100,6.9,121716,USA,https://cda-hd.cc/19020/cos-za-mna-chodzi-it-follows-2014/,https://image.tmdb.org/t/p/w185/rqXGtKauOLgPeX3GfdnrrT8XTnL.jpg
Band Aid (2017),"Band Aid to nowa komedia romantyczna w reżyserii Zoe Lister-Jones, która wciela się również w postać głównej bohaterki. Historia dotyczy pary, której wspólne życie obfituje w kłótnie, sprzeczki i wyzwiska. Pewnego razu postanawiają, że założą zespół, a wszystkie złe słowa, które słyszą od siebie nawzajem, uczynią tekstami nowych piosenek.",Film,Komedia,2017,,6.7,1478,USA,https://cda-hd.cc/20225/band-aid-2017/,https://image.tmdb.org/t/p/w185/wGhQ3FKA57HxyFYM0ttLgazzbF0.jpg
Policyjna opowieść / Ging chat goo si (1985),,Film,"Akcja, Kryminał, Thriller",1985,101,7.6,20761,Hong Kong,https://cda-hd.cc/16778/policyjna-opowiesc-ging-chat-goo-si-1985/,https://image.tmdb.org/t/p/w185/u8q2UT6pU2KaoD2fhNWcy0bq7g3.jpg
Pasażerowie / Passengers (2016),"Akcja jest osadzona w przyszłości i skupia się na Jimie Prestonie , mechaniku, który został wysłany w mającą trwać 120 lat podróż na skolonizowaną planetę w innej galaktyce. Niestety coś idzie nie tak w procesie hibernacji i Jim budzi się o 100 lat za wcześnie, mając do towarzystwa tylko roboty i androidy. Po jakimś czasie postanawia obudzić z hibernacji podróżującą z nim piękną dziennikarkę Aurorę . Zakochują się w sobie, ale muszą stawić czoła problemom z funkcjonowaniem statku i konsekwencjom wybudzenia Aurory.",Film,"Dramat, Przygodowy, Romans, Sci-Fi",2016,,7.0,14801,USA,https://cda-hd.cc/9889/pasazerowie-passengers-2016-online/,https://image.tmdb.org/t/p/w185/wviOHW4CNtOQ2EjRNZzbmqiDQxe.jpg
Major Grom / Mayor Grom (2017),"Na podstawie komiksu o tej samej nazwie. Igor Grom, wykwalifikowany detektyw z Petersburga, postanawia powstrzymać napad na bank.",Film,"Akcja, Dramat, Przygodowy, Sci-Fi",2016,,5.5,2121,Russia,https://cda-hd.cc/15046/major-grom-mayor-grom-2017-online/,https://image.tmdb.org/t/p/w185/o2whGyj5zn3uSnBjefSiMIElIUO.jpg
Ziemiostrofa / Earthtastrophe (2016),"Nadciąga koniec świata. Ludzkość czeka niemal pewne wyginięcie, kiedy z nieba znika Księżyc, a sama Ziemia zostaje wessana do tunelu czasoprzestrzennego.",Film,"Akcja, Sci-Fi, Thriller",2016,,3.8,90,USA,https://cda-hd.cc/14306/widmo-zaglady-earthtastrophe-2016-online/,https://image.tmdb.org/t/p/w185/PdO6DOQktCGtPeZRrtOZhtvjWf.jpg
Barbie: Dreamtopia (2016),"Chelsea, młodsza siostra Barbie, wyrusza na spotkanie fantastycznych przygód do kolorowego, zaczarowanego świata swojej wyobraźni – Dreamtopii. Bajkowy świat marzeń został podzielony na cztery magiczne obszary. Włada nimi starsza siostra dziewczynki z Rodziny Księżniczek, która wspólnie z odważną Chelsea przeżyje masę niezapomnianych przygód.",Film,Animacja,2016,,7.2,20,USA,https://cda-hd.cc/14117/barbie-dreamtopia-2016-online/,https://image.tmdb.org/t/p/w185/3TUdBiuRIMWdwwxwzwvktiExJFY.jpg
Rozdanie Oscarów 2017 / The Oscars 2017 / 89th Academy Awards (2017),Gala wręczenia oscarów 2017.,Film,"Dokumentalny, Familijny",2017,,7.0,311,USA,https://cda-hd.cc/13529/rozdanie-oscarow-2017-the-oscars-2017-89th-academy-awards-2017-online/,https://image.tmdb.org/t/p/w185/h4sSShDBjStVqmt3fr6i1h9W267.jpg
LEGO Ninjago: Noc duchów (2017),"Zobacz, jak ninja stawiają czoła czarnym charakterom, z którymi walczyli w przeszłości!",Film,"Akcja, Animacja, Komedia",2017,,6.2,,"USA, Denmark",https://cda-hd.cc/13493/lego-ninjago-noc-duchow-2017-online/,"https://m.media-amazon.com/images/M/MV5BNDI3MDljMTQtYzBiYS00NDk2LTlhYzUtYmM0NWIyMmZkMDZkXkEyXkFqcGdeQXVyNjk5NDA3OTk@._V1_UY268_CR3,0,182,268_AL_.jpg"
LEGO® BATMAN: FILM / The Lego Batman Movie (2017),"W duchu zabawy, dzięki której film „LEGO® PRZYGODA” stał się fenomenem na skalę światową, samozwańczy przywódca grupy – Batman z LEGO – staje się gwiazdą własnej wielkoekranowej przygody. W Gotham szykują się jednak wielkie zmiany. Jeśli Batman chce uratować miasto przed zakusami Jokera, musi porzucić swoją samotnię i spróbować współpracy z innymi, a przy okazji być może przyjąć bardziej pozytywną postawę.",Film,"Akcja, Animacja, Familijny, Fantasy, Komedia",2017,104,7.7,,"USA, Denmark",https://cda-hd.cc/12686/lego-batman-film-the-lego-batman-movie-2017-online/,https://image.tmdb.org/t/p/w185/vvgUPeXqt6BOXE2IODGZytCvs3J.jpg
Miasto zatopionych bogów (2013),"Dzieje wczesnośredniowiecznego Wolina mające swoje odzwierciedlenie w zapisach kronikarzy, w staroskandynawskich sagach, a także w legendach są niezwykle barwne. Obraz miasta, jaki wyłania się z tej filmowej opowieści, powstał na podstawie wyników wieloletnich badań prowadzonych przez naukowców. Przy dzisiejszym stanie wiedzy wydaje się jedną z najbardziej prawdopodobnych wizji grodu. Czy naukowcy są zgodni w swoich hipotezach? Widzowie poznają różne stanowiska, a które z nich są trafne, pokażą w przyszłości towarzyszące archeologii coraz to nowe metody badawcze. Wolin cieszy się wyjątkową sławą w świecie odtwórców historycznych dzięki corocznemu Festiwalowi Słowian i Wikingów. W filmie występuje ich kilkuset, w tym wielu obcokrajowców, w rolach dawnych rzemieślników, kupców i wojowników. Scenografią większości scen był unikalny woliński skansen archeologiczny. Dopełnieniem są wirtualne rekonstrukcje całego kompleksu osadniczego nad Dziwną. Film „Miasto zatopionych bogów” jest efektem współpracy filmowców, naukowców, odtwórców historycznych i wielu ludzi dobrej woli, których połączyła pasja poznawania tajemnic początków Polski. Z nadzieją, że pasja ta będzie się udzielać także widzom.",Film,Dokumentalny,2013,,7.2,193,,https://cda-hd.cc/11525/miasto-zatopionych-bogow-2013-online/,"data:image/svg+xml,%3Csvg%20xmlns='http://www.w3.org/2000/svg'%20viewBox='0%200%201%201'%3E%3C/svg%3E"
Liga Sprawiedliwości Mrok / Justice League Dark (2017),"Bohaterowie, którzy dysponują nadprzyrodzonymi mocami, jednoczą się w walce z nieziemskimi złoczyńcami. Zespół tych postaci tworzą John Constantine, Zatanna i Jason Blood, znany także jako Demon Etrigan.",Film,"Akcja, Animacja, Fantasy, Sci-Fi, Thriller",2017,,7.1,15229,USA,https://cda-hd.cc/11109/liga-sprawiedliwosci-mrok-justice-league-dark-2017-online/,https://image.tmdb.org/t/p/w185/9iQzRHnEeO13xovvr99hEcGc4ZZ.jpg
Kłamstwa mojej matki / Mother of All Lies (2015),"Sara nawiązuje kontakt ze swoją biologiczną matką, Abby. Kobieta właśnie wyszła z więzienia. Gdy ginie jej dawny wspólnik, obie są podejrzane. Matka i córka muszą stawić czoło policji i gansterom.",Film,Dramat,2015,,5.4,86,Canada,https://cda-hd.cc/10768/klamstwa-mojej-matki-mother-of-all-lies-2015-online/,https://image.tmdb.org/t/p/w185/a5Yq8dgPHUDM9xGTkoVct9QCDiJ.jpg
Taxi 2 (2000),,Film,"Akcja, Komedia, Kryminał",2000,88,6.4,41418,France,https://cda-hd.cc/10599/taxi-2-2000-online/,https://image.tmdb.org/t/p/w185/exjTX1slT7Lhcov3saG3wPVVHYp.jpg
Łowca Pojedynków / Duelyant / The Duelist (2016),"XIX wiek, St. Petersburg ogarnia fala pojedynków. Dla jednych to sposób na życie, dla innych na przeżycie…",Film,"Akcja, Dramat",2016,,6.4,4424,Russia,https://cda-hd.cc/10106/lowca-pojedynkow-duelyant-the-duelist-2016-online/,https://image.tmdb.org/t/p/w185/nWiBwTnHY55448tscsiqS8LTmmI.jpg
Łowcy duchów / Ghosthunters (2016),,Film,Horror,2016,90,3.1,163,USA,https://cda-hd.cc/5177/ghosthunters-2016-online/,"https://m.media-amazon.com/images/M/MV5BMzc1NDYyMDYtNGI5OS00NzhjLWEyOTUtMzY3YjVmZDU5NDUxXkEyXkFqcGdeQXVyMjY2MjgxODI@._V1_UX182_CR0,0,182,268_AL_.jpg"
A Wish for Christmas (2016),"Sara Shaw (Lacey Chabert) jest pracowitą, lecz zbyt uległą i miłą osobą. Gdy jej szef Dirk Tyson (Jason McKinnon) kradnie jej pomysł na inicjatywę bożonarodzeniową, kobieta stwierdza, że musi zacząć walczyć o siebie. Wkrótce Sara spotyka Świętego Mikołaja (Howard Storey), który oferuje, że spełni jej jedno życzenie. Kobieta prosi o odwagę do powiedzenia właścicielowi firmy Peterowi (Paul Greene), że Tyson przywłaszczył jej pomysł. Święty Mikołaj spełnia życzenie Sary, dodając jej odwagi do walczenia o siebie na 48 godzin.",Film,"Dramat, Romans",2016,,6.6,427,"Canada, USA",https://cda-hd.cc/9731/a-wish-for-christmas-2016-online/,https://image.tmdb.org/t/p/w185/9z81XnaxHJ7LYptef6augvgwake.jpg
Spectral (2016),"Gdy zniszczone wojną europejskie miasto musi jeszcze stawić czoła zagrożeniu z innego świata, na pomoc rusza dzielny inżynier oraz elitarna jednostka wojskowa.",Film,"Akcja, Sci-Fi, Thriller",2016,,7.7,48,USA,https://cda-hd.cc/9249/spectral-2016-online/,https://image.tmdb.org/t/p/w185/img4jH5MRkfEKsLJMfqDqT9iyby.jpg
Zabójczy dar / An Bronntanas (2014),"W środku nocy ekipa ratunkowa dostaje wezwanie do kutra rybackiego, który dryfuje po morzu. Wieje silny wiatr i pada deszcz, więc akcja jest utrudniona. Na pokładzie ratownicy odkrywają martwą kobietę i warty fortunę ładunek narkotyków. Załoga staje przed trudnym wyborem. Może postąpić uczciwie i zgłosić sprawę policji. Mogą też zostawić ciało, a cenny towar podzielić między siebie i sprzedać. Decyzja, którą wspólnie podejmują, na zawsze odmienia ich życie.",Film,Thriller,2014,,8.1,648,Ireland,https://cda-hd.cc/9077/zabojczy-dar-an-bronntanas-2014-online/,"https://images-na.ssl-images-amazon.com/images/M/MV5BMjEyMTMwMzg5MF5BMl5BanBnXkFtZTgwMjgxNTQwMzE@._V1_UY268_CR9,0,182,268_AL_.jpg"
Mordercza miłość / Broken Vows (2016),"Michael (Cam Gigandet) i Tara (Jaimie Alexander) są parą idealną. Zakochani w sobie od lat, mieszkają w pięknym domu na przedmieściach. Właśnie się zaręczyli, teraz zaczynają planować ślub. Pewnego wieczoru Tara idzie z przyjaciółką do baru. Tam poznaje Patricka (Wes Bentley). Początkowo niepewna, z czasem kobieta daje się uwieść przystojnemu barmanowi. Wkrótce spędzają razem noc. Tarę dręczą jednak wyrzuty sumienia, próbuje więc zakończyć znajomość z Patrickiem. Wówczas on wpada we wściekłość.",Film,Thriller,2016,,4.2,158,USA,https://cda-hd.cc/6809/mordercza-milosc-broken-vows-2016-online/,https://image.tmdb.org/t/p/w185/kwGMny1mFv5gi9Y8plz7SZZroH8.jpg
Nieuchwytny cel 2 / Hard Target 2 (2016),"Kończący karierę wojownik Wes “The Jailor” Baylor, zostaje skuszony wysokim zarobkiem na stoczenie ostatniej walki. Wkrótce oszustwo wychodzi na jaw, a Wes staje się celem licznej, uzbrojonej po zęby grupy. Teraz musi zrobić wszystko, by nie zginąć.",Film,"Akcja, Thriller",2016,,5.2,5566,USA,https://cda-hd.cc/4034/nieuchwytny-cel-2-hard-target-2-2016/,https://image.tmdb.org/t/p/w185/7ehSr7WegVPJ8yGDHchO3v4SkUk.jpg
XOXO (2016),"Życia 6 nieznajomych krzyżują się podczas szalonej, spełniającej marzenia, beznadziejnie romantycznej nocy.",Film,"Dramat, Muzyczny",2016,,5.3,6479,USA,https://cda-hd.cc/4022/xoxo-2016/,https://image.tmdb.org/t/p/w185/860foUnRAGcq2yEAe2bwp42FrV8.jpg
Zabójca idealny / The Perfect Weapon (2016),"Ameryka 2045. Państwo przybrało totalitarny charakter i jest rządzone przez bezwzględnego Dyrektora (Steven Seagal), który kontroluje wszelkie aspekty życia obywateli. Wszelkiej maści przeciwnicy władzy są natychmiast identyfikowani i szybko eliminowani przez rządowych zabójców. Condor (Johnny Messner) należy do grona najlepszych tajnych agentów. Gdy jednak zlecona mu operacja wyeliminowania kolejnego przeciwnika rządu kończy się niepowodzeniem, on sam staje się celem dawnych kompanów. Ścigany, odkrywa, że był częścią specjalnego programu, w ramach którego uczyniono z niego zabójcę idealnego.",Film,"Akcja, Sci-Fi",2016,,6.6,37,"USA, Szwecja",https://cda-hd.cc/3870/zabojca-idealny-the-perfect-weapon-2016/,https://image.tmdb.org/t/p/w185/2HvX8tXLu58y0qrfzVdFI3lryTe.jpg
Pinokio / Pinocchio (2013),Wyrzeźbiona przez Dżepetto drewniana kukiełka ożywa. Ubogi konstruktor nadaje jej imię Pinokio.,Film,"Animacja, Dramat, Fantasy",2013,,5.2,106,Germany,https://cda-hd.cc/2212/pinokio-pinocchio-2013/,https://image.tmdb.org/t/p/w185/96QTpJmizhQgKuN73SKzpFDvoVh.jpg
Showdown In Manila (2016),"Prywatni detektywi Nick i Charlie prowadząc kolejne śledztwo trafiają na trop wiodący do dżungli, gdzie odnajdują obóz terrorystów. Razem z grupą śmiałków podejmują się samobójczej misji pokonania niegodziwców.",Film,Akcja,2016,,3.0,837,USA,https://cda-hd.cc/2102/showdown-in-manila/,https://image.tmdb.org/t/p/w185/pQGE2nZ6OQKSDWekXyfiBYWFMxA.jpg
Haker / Blackhat (2015),,Film,"Akcja, Dramat, Kryminał, Thriller",2015,133,5.4,39897,USA,https://cda-hd.cc/1858/haker-blackhat-2015-online/,https://image.tmdb.org/t/p/w185/6KGxFPcGcyYnN4ct96nmYoabLZ6.jpg
Deadman Apocalypse (2015),,Film,"Akcja, Przygodowy",2016,78,2.1,199,UK,https://cda-hd.cc/1772/deadman-apocalypse-online/,https://image.tmdb.org/t/p/w185/rCb7WFsyqcTKJsi99sCl8KAKcAe.jpg
Ukraść jej oddech / Steal Her Breath / Raub ihren Atem (2024),"Złodziejka i policjantka prowadzą niebezpieczną, pełną pasji grę w kotka i myszkę.",Film,Thriller,2024,110,,,Germany,https://cda-hd.cc/65597/ukrasc-jej-oddech-steal-her-breath-raub-ihren-atem-2024/,https://image.tmdb.org/t/p/w185/yMItk9XwC7mqdjFcpqFDeiEOc9e.jpg
